{"version": 2, "width": 157, "height": 123, "timestamp": 1610954590, "env": {"SHELL": "/bin/bash", "TERM": "xterm"}}
[1.740884, "o", "\r\n"]
[2.178445, "o", "l"]
[2.341309, "o", "s"]
[5.544215, "o", "\u001b]0;root@k8snode1:~/bigdata/docker-hadoop\u0007"]
[5.546131, "o", "\u001b[?1034h[root@k8snode1 docker-hadoop]# \r\n\u001b]0;root@k8snode1:~/bigdata/docker-hadoop\u0007[root@k8snode1 docker-hadoop]# ls"]
[7.499887, "o", "\r\n"]
[7.530108, "o", "\u001b[0m\u001b[01;34mbase\u001b[0m      docker-compose-v3.yml  hadoop.env  \u001b[01;34mhistoryserver\u001b[0m  \u001b[01;34mnamenode\u001b[0m  \u001b[01;34mnodemanager\u001b[0m  \u001b[01;34mresourcemanager\u001b[0m\r\n\u001b[01;34mdatanode\u001b[0m  docker-compose.yml     hd.json     Makefile       \u001b[01;34mnginx\u001b[0m     README.md    \u001b[01;34msubmit\u001b[0m\r\n"]
[7.530472, "o", "[1]+  Done                    /topsec/topav_client/bin/nohup /usr/local/bin/linux_client >> /dev/null 2>&1\r\n\u001b]0;root@k8snode1:~/bigdata/docker-hadoop\u0007[root@k8snode1 docker-hadoop]# "]
[10.757605, "o", "\u001b[H\u001b[2J[root@k8snode1 docker-hadoop]# "]
[14.536893, "o", "l"]
[14.734012, "o", "s"]
[16.749466, "o", " "]
[17.016983, "o", "-"]
[17.363134, "o", "l"]
[17.643041, "o", "r"]
[18.007149, "o", "t"]
[18.295007, "o", "\r\n"]
[18.29938, "o", "total 24\r\n-rw-r--r--. 1 root root 2171 Jan 18 09:52 README.md\r\n-rw-r--r--. 1 root root 2522 Jan 18 09:52 docker-compose-v3.yml\r\ndrwxr-xr-x. 2 root root   38 Jan 18 09:52 \u001b[0m\u001b[01;34mdatanode\u001b[0m\r\ndrwxr-xr-x. 2 root root   45 Jan 18 09:52 \u001b[01;34mbase\u001b[0m\r\ndrwxr-xr-x. 2 root root   93 Jan 18 09:52 \u001b[01;34mnginx\u001b[0m\r\ndrwxr-xr-x. 2 root root   38 Jan 18 09:52 \u001b[01;34mnamenode\u001b[0m\r\ndrwxr-xr-x. 2 root root   38 Jan 18 09:52 \u001b[01;34mhistoryserver\u001b[0m\r\n-rw-r--r--. 1 root root 2507 Jan 18 09:52 hadoop.env\r\ndrwxr-xr-x. 2 root root   38 Jan 18 09:52 \u001b[01;34mnodemanager\u001b[0m\r\ndrwxr-xr-x. 2 root root   38 Jan 18 09:52 \u001b[01;34mresourcemanager\u001b[0m\r\ndrwxr-xr-x. 2 root root   59 Jan 18 10:09 \u001b[01;34msubmit\u001b[0m\r\n-rw-r--r--. 1 root root 1666 Jan 18 11:02 docker-compose.yml\r\n-rw-r--r--. 1 root root 1469 Jan 18 14:12 Makefile\r\n-rw-r--r--. 1 root root 1293 Jan 18 15:23 hd.json\r\n"]
[18.299873, "o", "\u001b]0;root@k8snode1:~/bigdata/docker-hadoop\u0007[root@k8snode1 docker-hadoop]# "]
[21.334779, "o", "exit\r\n"]
